uid,date,idx,seq,weld force(bar),weld current(kA),weld Voltage(v),weld time(ms),R_dyn(mOhm),Q_heat(J),candidate_source,segment_id,anomaly_score,defect type,defect name,P_defect,P_normal,P_T1,P_T2,P_T3,tree_rule_type,weak_label,inspected_day,threshold_type,selection
20200324_108,20200324,108,107,2.35,14.56,2.698,70.0,0.1853,2749.8,day_relative,,0.9451,2,용접부족,0.879,0.121,0.0,0.879,0.0,2,용접부족,Y,2,검사 개수 맞춤(해당 타입 확률 상위)
20200324_147,20200324,147,146,2.38,14.52,2.707,73.0,0.18643,2869.31,day_relative,,0.9398,1,파임불량,0.855,0.145,0.854,0.0,0.002,1,정상,Y,1,검사 개수 맞춤(해당 타입 확률 상위)
20200324_226,20200324,226,225,2.39,14.56,2.712,73.0,0.18626,2882.53,day_relative,,0.9206,1,파임불량,0.997,0.003,0.646,0.0,0.351,1,파임불량,Y,1,검사 개수 맞춤(해당 타입 확률 상위)
20200324_301,20200324,301,300,2.35,14.53,2.712,71.0,0.18665,2797.78,day_relative,,0.9545,3,크랙발생,0.804,0.196,0.0,0.0,0.804,3,정상,Y,3,검사 개수 맞춤(해당 타입 확률 상위)
20200325_542,20200325,542,541,2.31,14.95,2.703,73.0,0.1808,2949.92,point_anomaly,,0.9777,3,크랙발생,0.68,0.32,0.019,0.0,0.661,3,크랙발생,Y,0,검사 개수 맞춤(해당 타입 확률 상위)
20200325_550,20200325,550,549,1.74,14.72,2.702,71.0,0.18356,2823.91,point_anomaly,,0.9849,3,크랙발생,0.653,0.347,0.0,0.0,0.653,3,크랙발생,Y,0,검사 개수 맞춤(해당 타입 확률 상위)
20200325_551,20200325,551,550,1.74,14.71,2.702,72.0,0.18368,2861.74,point_anomaly,,0.9439,3,크랙발생,0.857,0.143,0.0,0.0,0.857,3,크랙발생,Y,3,검사 개수 맞춤(해당 타입 확률 상위)
20200325_676,20200325,676,675,2.49,14.73,2.481,71.0,0.16843,2594.7,drift_segment,20200325_S02,,2,용접부족,0.97,0.03,0.0,0.97,0.0,2,용접부족,Y,2,검사 개수 맞춤(해당 타입 확률 상위)
20200325_685,20200325,685,684,9.01,14.83,2.464,71.0,0.16615,2594.42,drift_segment,20200325_S02,,2,용접부족,0.84,0.16,0.0,0.84,0.0,2,용접부족,Y,2,검사 개수 맞춤(해당 타입 확률 상위)
20200325_840,20200325,840,839,9.14,14.72,2.747,72.0,0.18662,2911.38,drift_segment,20200325_S02,,1,파임불량,0.735,0.265,0.733,0.002,0.0,1,파임불량,Y,1,검사 개수 맞춤(해당 타입 확률 상위)
20200325_841,20200325,841,840,9.27,14.72,2.747,72.0,0.18662,2911.38,drift_segment,20200325_S02,,1,파임불량,0.968,0.032,0.968,0.0,0.0,1,파임불량,Y,1,검사 개수 맞춤(해당 타입 확률 상위)
20200325_866,20200325,866,865,8.92,14.75,2.751,72.0,0.18651,2921.56,drift_segment,20200325_S02,,1,파임불량,0.954,0.046,0.954,0.0,0.0,1,파임불량,Y,1,검사 개수 맞춤(해당 타입 확률 상위)
20200326_126,20200326,126,125,2.38,14.52,2.707,73.0,0.18643,2869.31,day_relative,,0.9398,1,파임불량,0.855,0.145,0.854,0.0,0.002,1,파임불량,Y,1,검사 개수 맞춤(해당 타입 확률 상위)
20200326_200,20200326,200,199,2.37,14.56,2.7,70.0,0.18544,2751.84,day_relative,,0.9323,2,용접부족,0.83,0.17,0.0,0.83,0.0,2,용접부족,Y,2,검사 개수 맞춤(해당 타입 확률 상위)
20200326_205,20200326,205,204,2.39,14.56,2.712,73.0,0.18626,2882.53,day_relative,,0.9206,1,파임불량,0.997,0.003,0.646,0.0,0.351,1,파임불량,Y,1,검사 개수 맞춤(해당 타입 확률 상위)
20200326_280,20200326,280,279,2.35,14.53,2.712,71.0,0.18665,2797.78,day_relative,,0.9545,3,크랙발생,0.804,0.196,0.0,0.0,0.804,3,정상,Y,3,검사 개수 맞춤(해당 타입 확률 상위)
20200326_525,20200326,525,524,2.38,14.52,2.707,73.0,0.18643,2869.31,day_relative,,0.9398,1,파임불량,0.855,0.145,0.854,0.0,0.002,1,파임불량,Y,1,검사 개수 맞춤(해당 타입 확률 상위)
20200326_599,20200326,599,598,2.37,14.56,2.7,70.0,0.18544,2751.84,day_relative,,0.9323,2,용접부족,0.83,0.17,0.0,0.83,0.0,2,용접부족,Y,2,검사 개수 맞춤(해당 타입 확률 상위)
20200326_679,20200326,679,678,2.35,14.53,2.712,71.0,0.18665,2797.78,day_relative,,0.9545,3,크랙발생,0.804,0.196,0.0,0.0,0.804,3,정상,Y,3,검사 개수 맞춤(해당 타입 확률 상위)
20200327_1015,20200327,1015,1013,1.74,14.71,2.702,72.0,0.18368,2861.74,point_anomaly,,0.9439,3,크랙발생,0.857,0.143,0.0,0.0,0.857,3,,N (예측만),3,모델 판정(P_defect>=0.70)
20200327_1140,20200327,1140,1138,2.49,14.73,2.481,71.0,0.16843,2594.7,drift_segment,20200327_S03,,2,용접부족,0.97,0.03,0.0,0.97,0.0,2,,N (예측만),2,모델 판정(P_defect>=0.70)
20200327_1149,20200327,1149,1147,9.01,14.83,2.464,71.0,0.16615,2594.42,drift_segment,20200327_S03,,2,용접부족,0.84,0.16,0.0,0.84,0.0,2,,N (예측만),2,모델 판정(P_defect>=0.70)
20200327_1304,20200327,1304,1302,9.14,14.72,2.747,72.0,0.18662,2911.38,drift_segment,20200327_S03,,1,파임불량,0.735,0.265,0.733,0.002,0.0,1,,N (예측만),1,모델 판정(P_defect>=0.70)
20200327_1305,20200327,1305,1303,9.27,14.72,2.747,72.0,0.18662,2911.38,drift_segment,20200327_S03,,1,파임불량,0.968,0.032,0.968,0.0,0.0,1,,N (예측만),1,모델 판정(P_defect>=0.70)
20200327_1330,20200327,1330,1328,8.92,14.75,2.751,72.0,0.18651,2921.56,drift_segment,20200327_S03,,1,파임불량,0.954,0.046,0.954,0.0,0.0,1,,N (예측만),1,모델 판정(P_defect>=0.70)
20200330_290,20200330,290,289,2.38,14.52,2.707,73.0,0.18643,2869.31,day_relative,,0.9398,1,파임불량,0.855,0.145,0.854,0.0,0.002,1,정상,Y,1,검사 개수 맞춤(해당 타입 확률 상위)
20200330_328,20200330,328,327,2.37,14.59,2.7,70.0,0.18506,2757.51,day_relative,,0.9127,2,용접부족,0.863,0.137,0.0,0.863,0.0,2,용접부족,Y,2,검사 개수 맞춤(해당 타입 확률 상위)
20200330_444,20200330,444,443,2.35,14.53,2.712,71.0,0.18665,2797.78,day_relative,,0.9545,3,크랙발생,0.804,0.196,0.0,0.0,0.804,3,정상,Y,3,검사 개수 맞춤(해당 타입 확률 상위)
20200330_727,20200330,727,726,2.37,14.59,2.7,70.0,0.18506,2757.51,day_relative,,0.9127,2,용접부족,0.863,0.137,0.0,0.863,0.0,2,용접부족,Y,2,검사 개수 맞춤(해당 타입 확률 상위)
20200331_1130,20200331,1130,1129,2.49,14.73,2.481,71.0,0.16843,2594.7,drift_segment,20200331_S04,,2,용접부족,0.97,0.03,0.0,0.97,0.0,2,용접부족,Y,2,검사 개수 맞춤(해당 타입 확률 상위)
20200331_1138,20200331,1138,1137,9.01,14.75,2.464,71.0,0.16705,2580.42,drift_segment,20200331_S04,,2,용접부족,0.64,0.36,0.0,0.638,0.002,2,용접부족,Y,0,검사 개수 맞춤(해당 타입 확률 상위)
20200331_1139,20200331,1139,1138,9.01,14.83,2.464,71.0,0.16615,2594.42,drift_segment,20200331_S04,,2,용접부족,0.84,0.16,0.0,0.84,0.0,2,용접부족,Y,2,검사 개수 맞춤(해당 타입 확률 상위)
20200331_1295,20200331,1295,1294,9.27,14.72,2.747,72.0,0.18662,2911.38,drift_segment,20200331_S04,,1,파임불량,0.968,0.032,0.968,0.0,0.0,1,파임불량,Y,1,검사 개수 맞춤(해당 타입 확률 상위)
20200331_1320,20200331,1320,1319,8.92,14.75,2.751,72.0,0.18651,2921.56,drift_segment,20200331_S04,,1,파임불량,0.954,0.046,0.954,0.0,0.0,1,파임불량,Y,1,검사 개수 맞춤(해당 타입 확률 상위)
20200402_130,20200402,130,129,2.38,14.52,2.707,73.0,0.18643,2869.31,day_relative,,0.9398,1,파임불량,0.855,0.145,0.854,0.0,0.002,1,정상,Y,1,검사 개수 맞춤(해당 타입 확률 상위)
20200402_168,20200402,168,167,2.37,14.59,2.7,70.0,0.18506,2757.51,day_relative,,0.9127,2,용접부족,0.863,0.137,0.0,0.863,0.0,2,정상,Y,2,검사 개수 맞춤(해당 타입 확률 상위)
20200402_284,20200402,284,283,2.35,14.53,2.712,71.0,0.18665,2797.78,day_relative,,0.9545,3,크랙발생,0.804,0.196,0.0,0.0,0.804,3,정상,Y,3,검사 개수 맞춤(해당 타입 확률 상위)
20200402_649,20200402,649,648,2.35,14.53,2.712,71.0,0.18665,2797.78,day_relative,,0.9545,3,크랙발생,0.804,0.196,0.0,0.0,0.804,3,정상,Y,3,검사 개수 맞춤(해당 타입 확률 상위)
20200403_281,20200403,281,280,1.74,14.71,2.702,72.0,0.18368,2861.74,point_anomaly,,0.9439,3,크랙발생,0.857,0.143,0.0,0.0,0.857,3,크랙발생,Y,3,검사 개수 맞춤(해당 타입 확률 상위)
20200403_406,20200403,406,405,2.49,14.73,2.481,71.0,0.16843,2594.7,drift_segment,20200403_S05,,2,용접부족,0.97,0.03,0.0,0.97,0.0,2,용접부족,Y,2,검사 개수 맞춤(해당 타입 확률 상위)
20200403_571,20200403,571,570,9.27,14.72,2.747,72.0,0.18662,2911.38,drift_segment,20200403_S05,,1,파임불량,0.968,0.032,0.968,0.0,0.0,1,파임불량,Y,1,검사 개수 맞춤(해당 타입 확률 상위)
20200403_596,20200403,596,595,8.92,14.75,2.751,72.0,0.18651,2921.56,drift_segment,20200403_S05,,1,파임불량,0.954,0.046,0.954,0.0,0.0,1,파임불량,Y,1,검사 개수 맞춤(해당 타입 확률 상위)
20200407_76,20200407,76,75,2.35,14.53,2.712,71.0,0.18665,2797.78,day_relative,,0.9545,3,크랙발생,0.804,0.196,0.0,0.0,0.804,3,크랙발생,Y,3,검사 개수 맞춤(해당 타입 확률 상위)
20200407_160,20200407,160,159,2.33,14.55,2.701,70.0,0.18564,2750.97,day_relative,,0.9634,2,용접부족,0.589,0.411,0.0,0.589,0.0,2,용접부족,Y,0,검사 개수 맞춤(해당 타입 확률 상위)
20200407_286,20200407,286,285,2.35,14.53,2.712,71.0,0.18665,2797.78,day_relative,,0.9545,3,크랙발생,0.804,0.196,0.0,0.0,0.804,3,크랙발생,Y,3,검사 개수 맞춤(해당 타입 확률 상위)
