idx,seq,date,weld force(bar),weld current(kA),weld Voltage(v),weld time(ms),heat_input_Q(J),dyn_resistance_R(mOhm),dup_block_flag,zF,zI,zV,zT,zQ,zR,s_iforest,s_lof,s_mahal,anomaly_score,candidate,1단계판정,label_type,추정라벨
8,7,2020-03-24,2.33,14.53,2.7,70.0,2746.17,0.1858224363386098,0,0.0,-3.203831107513917,-0.44966050631773014,-3.167865939438768,-3.3153140597677795,2.3379105697810068,0.6458854629897867,1.2066248223907021,331.57231226509174,0.9669760625305326,1,불량후보,3.0,크랙발생
49,48,2020-03-24,2.3600000000000003,14.570000000000002,2.7110000000000003,73.0,2883.4467100000006,0.18606726149622513,0,1.0117361392149002,-2.529340348037262,2.023472278430085,1.583932969719384,1.3124099590462492,2.6000365402176633,0.5938813314123105,1.1835976711646874,138.56170932657477,0.9508874776095099,1,불량후보,0.0,정상
65,64,2020-03-24,2.31,14.6,2.71,73.0,2888.3179999999998,0.1856164383561644,0,-0.6744907594765952,-2.0234722784298453,1.7986420252711202,1.583932969719384,1.4766256205055346,2.117355535394675,0.5937387042903142,1.6234022744882324,138.55942043200145,0.9789936492427943,1,불량후보,0.0,정상
70,69,2020-03-24,2.19,14.610000000000001,2.705,73.0,2884.96365,0.18514715947980834,0,-4.721435316336167,-1.8548495885606668,0.674490759476695,1.583932969719384,1.363547400154049,1.6149146013484925,0.6199349123915102,2.835364150771618,189.75422859889107,0.9891222927861912,1,불량후보,0.0,정상
71,70,2020-03-24,2.17,14.639999999999999,2.701,71.0,2807.52744,0.1844945355191257,0,-5.395926075812762,-1.3489815189532504,-0.22483025315886507,-1.583932969719384,-1.2468983844435497,0.9161723205697856,0.5483045941072742,3.3255552129172283,165.12346406411126,0.9652173913043479,1,불량후보,2.0,용접부족
108,107,2020-03-24,2.35,14.56,2.698,70.0,2749.8016,0.18530219780219778,0,0.6744907594765952,-2.6979630379064408,-0.8993210126355601,-3.167865939438768,-3.192889487189346,1.7809088607091073,0.6179331431628564,1.2914964163718625,323.3384458963634,0.9762579384465071,1,불량후보,0.0,정상
221,220,2020-03-24,2.37,14.56,2.7,70.0,2751.84,0.18543956043956045,0,1.3489815189531904,-2.6979630379064408,-0.44966050631773014,-3.167865939438768,-3.1241731503835455,1.9279783652123925,0.6107102242462465,1.2729017883582168,318.2854810226914,0.9731639798078487,1,불량후보,0.0,정상
285,284,2020-03-24,2.37,14.610000000000001,2.707,70.0,2768.4489,0.18528405201916492,0,1.3489815189531904,-1.8548495885606668,1.1241512657944253,-3.167865939438768,-2.5642718717465596,1.7614807879033947,0.6003696657855733,1.356999754516944,319.2066363667031,0.9773326819736199,1,불량후보,0.0,정상
311,310,2020-03-24,2.35,14.540000000000001,2.696,73.0,2861.5883200000003,0.18541953232462174,0,0.6744907594765952,-3.0352084176447383,-1.3489815189532903,1.583932969719384,0.5755435494738936,1.9065349436479602,0.5800306066611639,1.2937337498446242,135.53253397219922,0.960364761439505,1,불량후보,0.0,정상
321,320,2020-03-24,2.34,14.58,2.708,70.0,2763.7848000000004,0.18573388203017835,0,0.3372453797382901,-2.3607176581681433,1.34898151895339,-3.167865939438768,-2.7215029679474236,2.2430984832289873,0.6171649435447216,1.2809932039229448,326.76675350206284,0.9752483308907344,1,불량후보,0.0,정상
326,325,2020-03-24,2.33,14.6,2.6910000000000003,73.0,2868.0678000000003,0.1843150684931507,0,0.0,-2.0234722784298453,-2.4731327847477154,1.583932969719384,0.7939727733781149,0.7240230790323356,0.5938656179979195,1.5494179563057913,135.90521706907296,0.9747923790913532,1,불량후보,0.0,정상
385,384,2020-03-24,2.33,14.549999999999999,2.701,70.0,2750.9685,0.18563573883161513,0,0.0,-2.8665857277756195,-0.22483025315886507,-3.167865939438768,-3.1535522160852025,2.138019898104333,0.6250857904447144,1.276603833499855,329.9182812106751,0.9763556424035174,1,불량후보,0.0,정상
679,678,2020-03-24,2.31,14.78,2.695,73.0,2907.7432999999996,0.18234100135317996,0,-0.6744907594765952,1.011736139214893,-1.573811772112255,1.583932969719384,2.1314703307456564,-1.3895434752061375,0.5897048024677599,1.2776192549169265,138.98983725355728,0.9661944308744506,1,불량후보,0.0,정상
733,732,2020-03-24,2.25,14.76,2.699,73.0,2908.1185199999995,0.1828590785907859,0,-2.697963037906381,0.6744907594765952,-0.674490759476695,1.583932969719384,2.144119341683775,-0.8348557952661344,0.5877460934128562,1.8007770576100752,139.33898472438366,0.9784074255007328,1,불량후보,0.0,정상
746,745,2020-03-24,2.16,14.790000000000001,2.7,71.0,2835.2430000000004,0.18255578093306288,0,-5.733171455551052,1.1803588290840716,-0.44966050631773014,-1.583932969719384,-0.31258139282214964,-1.1595862830811265,0.5519012420449476,2.237323793065383,135.6308516564379,0.9599413776257938,1,불량후보,0.0,정상
747,746,2020-03-24,2.17,14.770000000000001,2.698,73.0,2909.01058,0.1826675693974272,0,-5.395926075812762,0.8431134493457739,-0.8993210126355601,1.583932969719384,2.174191503875205,-1.0398981759007295,0.619066741646221,2.374150784708604,174.04850127509468,0.9884057971014492,1,불량후보,0.0,정상
823,822,2020-03-24,2.34,14.74,2.714,73.0,2920.31828,0.1841248303934871,0,0.3372453797382901,0.3372453797382976,2.69796303790668,1.583932969719384,2.5553844599676294,0.5203416151907008,0.5984594467330224,1.2070349147490735,145.9785777383244,0.9598436736687836,1,불량후보,0.0,정상
1200,1199,2020-03-24,2.2600000000000002,14.729999999999999,2.702,73.0,2905.4335799999994,0.18343516632722337,0,-2.3607176581680758,0.16862268986911885,0.0,1.583932969719384,2.0536075474611795,-0.21805824700279444,0.5583052656463189,1.5085442621026548,137.26062666905673,0.9625142484937307,1,불량후보,0.0,정상
11,10,2020-03-25,2.29,14.76,2.71,70.0,2799.972,0.18360433604336043,0,-0.6744907594765952,0.5058680696074763,1.7986420252711202,-3.167865939438768,-1.7607711791330316,0.1084381797425513,0.569330016812771,1.2165117125776086,379.5936164669686,0.9568799869728056,1,불량후보,0.0,정상
456,455,2020-03-25,2.34,14.930000000000001,2.71,73.0,2953.6019,0.1815137307434695,0,1.0117361392148854,3.3724537973830957,1.7986420252711202,1.583932969719384,3.4182338992811734,-2.1299018191840555,0.6698115367324742,1.4235366730283243,157.65593544323747,0.9869076697606253,1,불량후보,1.0,파임불량
486,485,2020-03-25,2.4,14.799999999999999,2.697,73.0,2913.8388,0.18222972972972976,0,3.0352084176446708,1.1803588290840716,-1.1241512657944253,1.583932969719384,2.0777832654299986,-1.3633060537275852,0.6405235830145743,1.9985182753011368,156.17695192778322,0.9897410845139228,1,불량후보,1.0,파임불량
516,515,2020-03-25,2.32,14.83,2.699,70.0,2801.8319,0.18199595414699932,0,0.3372453797382901,1.6862268986915478,-0.674490759476695,-3.167865939438768,-1.6980722413263794,-1.6136016201002594,0.5895839499414679,1.2600961439739842,369.13809962399597,0.9676925582152744,1,불량후보,0.0,정상
537,536,2020-03-25,2.3,14.930000000000001,2.7039999999999997,73.0,2947.06256,0.18111185532484927,0,-0.3372453797383051,3.3724537973830957,0.44966050631773014,1.583932969719384,3.1977867397798097,-2.5601761632364375,0.6485368718185011,1.434857016733644,136.62582046958795,0.9817619280247517,1,불량후보,0.0,정상
542,541,2020-03-25,2.31,14.950000000000001,2.7030000000000003,73.0,2949.9190500000004,0.1808026755852843,0,0.0,3.7096991771213936,0.2248302531589649,1.583932969719384,3.2940816421161543,-2.8912043960463896,0.6610818965748001,1.4494536875310697,145.92745091357367,0.987168213645986,1,불량후보,0.0,정상
1030,1029,2020-03-25,2.37,14.590000000000002,2.7,70.0,2757.5100000000007,0.1850582590815627,0,2.0234722784297854,-2.3607176581680833,-0.44966050631773014,-3.167865939438768,-3.192204211632706,1.665104132870484,0.61597313705126,1.5807825763469205,366.3529347445458,0.9863540140042337,1,불량후보,0.0,정상
1066,1065,2020-03-25,2.37,14.56,2.7,70.0,2751.84,0.18543956043956045,0,2.0234722784297854,-2.8665857277755595,-0.44966050631773014,-3.167865939438768,-3.3833451210169554,2.073350529880912,0.6257266294164591,1.658940670044512,365.82976021690683,0.9885035010584596,1,불량후보,3.0,크랙발생
1130,1129,2020-03-25,2.37,14.610000000000001,2.707,70.0,2768.4489,0.18528405201916492,0,2.0234722784297854,-2.023472278429786,1.1241512657944253,-3.167865939438768,-2.823443842379969,1.9068529525719145,0.6208837835486147,1.3919664244219672,367.6156700673838,0.983357759322586,1,불량후보,0.0,정상
1166,1165,2020-03-25,2.34,14.58,2.708,70.0,2763.7848000000004,0.18573388203017835,0,1.0117361392148854,-2.529340348037262,1.34898151895339,-3.167865939438768,-2.9806749385808335,2.388470647897507,0.616652603189656,1.2210851220266243,372.1482056581132,0.9684416218856864,1,불량후보,3.0,크랙발생
1341,1340,2020-03-25,2.34,14.76,2.7,70.0,2789.6400000000003,0.1829268292682927,0,1.0117361392148854,0.5058680696074763,-0.44966050631773014,-3.167865939438768,-2.1090723917887386,-0.6169452842030216,0.5747917069255954,1.2436293465038755,369.50366887460996,0.9606904412962058,1,불량후보,0.0,정상
55,54,2020-03-26,2.32,14.750000000000002,2.698,70.0,2785.6850000000004,0.1829152542372881,0,-1.0117361392149002,2.192094968299024,-0.674490759476695,-3.167865939438768,-1.80597897076325,-1.7667187494236616,0.6087413289010318,1.3533173325380727,386.82107827911483,0.9839276990718124,1,불량후보,0.0,정상
76,75,2020-03-26,2.33,14.74,2.7110000000000003,73.0,2917.09022,0.183921302578019,0,-0.6744907594765952,2.0234722784298453,2.24830253158895,1.583932969719384,2.62381172564503,-0.6895770039066176,0.6131221886779494,1.6873477796018082,112.27825628819147,0.9509688975736851,1,불량후보,0.0,정상
200,199,2020-03-26,2.37,14.56,2.7,70.0,2751.84,0.18543956043956045,0,0.6744907594765952,-1.011736139214893,-0.22483025315886507,-3.167865939438768,-2.946925016285184,0.9359700567223159,0.5847728597463988,1.208145805168969,378.5663678665394,0.9596971177332683,1,불량후보,0.0,정상
364,363,2020-03-26,2.33,14.549999999999999,2.701,70.0,2750.9685,0.18563573883161513,0,-0.6744907594765952,-1.1803588290840716,0.0,-3.167865939438768,-2.976304081986841,1.1460115896142564,0.6055820787775319,1.3080256574294906,392.29917956663047,0.9803126526624327,1,불량후보,2.0,용접부족
475,474,2020-03-26,2.34,14.76,2.7,70.0,2789.6400000000003,0.1829268292682927,0,-0.3372453797383051,2.3607176581681433,-0.22483025315886507,-3.167865939438768,-1.6726522870569676,-1.754325757361618,0.5967270594100105,1.3372189762590487,383.71177400724514,0.9797589969060413,1,불량후보,0.0,정상
599,598,2020-03-26,2.37,14.56,2.7,70.0,2751.84,0.18543956043956045,0,0.6744907594765952,-1.011736139214893,-0.22483025315886507,-3.167865939438768,-2.946925016285184,0.9359700567223159,0.5847728597463988,1.208145805168969,378.5663678665394,0.9596971177332683,1,불량후보,0.0,정상
763,762,2020-03-26,2.33,14.549999999999999,2.701,70.0,2750.9685,0.18563573883161513,0,-0.6744907594765952,-1.1803588290840716,0.0,-3.167865939438768,-2.976304081986841,1.1460115896142564,0.6055820787775319,1.3080256574294906,392.29917956663047,0.9803126526624327,1,불량후보,2.0,용접부족
874,873,2020-03-26,2.34,14.76,2.7,70.0,2789.6400000000003,0.1829268292682927,0,-0.3372453797383051,2.3607176581681433,-0.22483025315886507,-3.167865939438768,-1.6726522870569676,-1.754325757361618,0.5967270594100105,1.3372189762590487,383.71177400724514,0.9797589969060413,1,불량후보,0.0,정상
938,937,2020-03-26,2.32,14.750000000000002,2.698,70.0,2785.6850000000004,0.1829152542372881,0,-1.0117361392149002,2.192094968299024,-0.674490759476695,-3.167865939438768,-1.80597897076325,-1.7667187494236616,0.6087413289010318,1.3533173325380727,386.82107827911483,0.9839276990718124,1,불량후보,0.0,정상
959,958,2020-03-26,2.33,14.74,2.7110000000000003,73.0,2917.09022,0.183921302578019,0,-0.6744907594765952,2.0234722784298453,2.24830253158895,1.583932969719384,2.62381172564503,-0.6895770039066176,0.6131221886779494,1.6873477796018082,112.27825628819147,0.9509688975736851,1,불량후보,0.0,정상
513,511,2020-03-27,2.2800000000000002,14.72,2.6910000000000003,71.0,2812.4179200000003,0.18281250000000002,0,-1.0117361392148854,-0.3372453797382976,-2.4731327847477154,-1.583932969719384,-1.6866759281294454,-0.551589577496936,0.5440110543010247,1.7753857874848897,136.21222125194345,0.955870379417033,1,불량후보,,라벨없음(03-27)
610,608,2020-03-27,2.27,14.72,2.702,70.0,2784.1408,0.18355978260869565,0,-1.3489815189531904,-0.3372453797382976,0.0,-3.167865939438768,-2.639923623291188,0.24850049863217458,0.594331845591178,1.1759457003938727,452.57849757113104,0.9574987787005375,1,불량후보,,라벨없음(03-27)
919,917,2020-03-27,2.34,14.910000000000002,2.713,71.0,2872.0089300000004,0.18195841716968475,0,1.0117361392148854,2.8665857277756195,2.4731327847478153,-1.583932969719384,0.3221917689648855,-1.466027018935947,0.5918831976427172,1.6826459908255615,135.3436326710707,0.9743038593063019,1,불량후보,,라벨없음(03-27)
920,918,2020-03-27,2.34,14.930000000000001,2.71,73.0,2953.6019,0.1815137307434695,0,1.0117361392148854,3.203831107513917,1.7986420252711202,1.583932969719384,3.0727657522383014,-1.9421376529371426,0.6631265608107965,1.4477059980359142,119.42856581495768,0.956554307116105,1,불량후보,,라벨없음(03-27)
933,931,2020-03-27,2.35,14.950000000000001,2.7060000000000004,71.0,2872.283700000001,0.18100334448160538,0,1.3489815189531904,3.541076487252215,0.89932101263566,-1.583932969719384,0.3314545181133141,-2.488590866699049,0.6088738141544194,1.1833212030729392,136.88655576240419,0.9524833089073441,1,불량후보,,라벨없음(03-27)
950,948,2020-03-27,2.4,14.799999999999999,2.697,73.0,2913.8388,0.18222972972972976,0,3.0352084176446708,1.011736139214893,-1.1241512657944253,1.583932969719384,1.7323151183871264,-1.1755418874806722,0.6282977082608134,2.0587857884396605,119.2353309246908,0.9581501384139391,1,불량후보,,라벨없음(03-27)
951,949,2020-03-27,2.4,14.799999999999999,2.697,71.0,2834.0076,0.18222972972972976,0,3.0352084176446708,1.011736139214893,-1.1241512657944253,-1.583932969719384,-0.9588679795378268,-1.1755418874806722,0.5565753393646273,2.4491677320100322,144.05199547829218,0.9685718938283667,1,불량후보,,라벨없음(03-27)
980,978,2020-03-27,2.32,14.83,2.699,70.0,2801.8319,0.18199595414699932,0,0.3372453797382901,1.5176042088223691,-0.674490759476695,-3.167865939438768,-2.0435403883692516,-1.4258374538533465,0.5923181033653185,1.1625693198214682,433.66916767997793,0.9522879009933235,1,불량후보,,라벨없음(03-27)
995,993,2020-03-27,2.2800000000000002,14.930000000000001,2.693,71.0,2854.6607900000004,0.18037508372404554,0,-1.0117361392148854,3.203831107513917,-2.0234722784299852,-1.583932969719384,-0.262629969258214,-3.161248294418897,0.6296610436460018,1.6245485567705282,124.0557178268159,0.9612766650382674,1,불량후보,,라벨없음(03-27)
1494,1492,2020-03-27,2.37,14.590000000000002,2.7,70.0,2757.5100000000007,0.1850582590815627,0,2.0234722784297854,-2.529340348037262,-0.44966050631773014,-3.167865939438768,-3.537672358675578,1.852868299117397,0.6192959721249908,1.557509095973142,432.7528947538976,0.9911089399120664,1,불량후보,,라벨없음(03-27)
1530,1528,2020-03-27,2.37,14.56,2.7,70.0,2751.84,0.18543956043956045,0,2.0234722784297854,-3.0352084176447383,-0.44966050631773014,-3.167865939438768,-3.7288132680598274,2.2611146961278252,0.6385524206825822,1.4460775226393565,432.6226511151723,0.9915974596971178,1,불량후보,,라벨없음(03-27)
1594,1592,2020-03-27,2.37,14.610000000000001,2.707,70.0,2768.4489,0.18528405201916492,0,2.0234722784297854,-2.1920949682989646,1.1241512657944253,-3.167865939438768,-3.168911989422841,2.094617118818827,0.6250346781764713,1.2843760549443597,433.7871358027155,0.9815990880964013,1,불량후보,,라벨없음(03-27)
1621,1619,2020-03-27,2.35,14.540000000000001,2.696,71.0,2783.1886400000003,0.18541953232462174,0,1.3489815189531904,-3.3724537973830357,-1.3489815189532903,-1.583932969719384,-2.672021811700228,2.239671274563393,0.5923433850942932,1.3694386677966872,131.37784541595778,0.957401074743527,1,불량후보,,라벨없음(03-27)
1630,1628,2020-03-27,2.34,14.58,2.708,70.0,2763.7848000000004,0.18573388203017835,0,1.0117361392148854,-2.6979630379064408,1.34898151895339,-3.167865939438768,-3.3261430856237055,2.57623481414442,0.6308121636989293,1.1518246890154025,440.0738135699971,0.9568474189871358,1,불량후보,,라벨없음(03-27)
44,43,2020-03-30,2.33,14.549999999999999,2.701,70.0,2750.9685,0.18563573883161513,0,-0.6744907594765952,-2.529340348037322,0.0,-3.167865939438768,-3.058574372376198,1.8330156289088109,0.6272658810115918,1.3294678976342063,383.99200281935254,0.9846441947565543,1,불량후보,2.0,용접부족
464,463,2020-03-30,2.34,14.58,2.708,70.0,2763.7848000000004,0.18573388203017835,0,-0.3372453797383051,-2.0234722784298453,1.573811772112255,-3.167865939438768,-2.626525124238419,1.9380942140334652,0.6224074729666574,1.2841845552893547,381.497538460268,0.9799218368343917,1,불량후보,3.0,크랙발생
528,527,2020-03-30,2.33,14.549999999999999,2.701,70.0,2750.9685,0.18563573883161513,0,-0.6744907594765952,-2.529340348037322,0.0,-3.167865939438768,-3.058574372376198,1.8330156289088109,0.6272658810115918,1.3294678976342063,383.99200281935254,0.9846441947565543,1,불량후보,2.0,용접부족
863,862,2020-03-30,2.34,14.58,2.708,70.0,2763.7848000000004,0.18573388203017835,0,-0.3372453797383051,-2.0234722784298453,1.573811772112255,-3.167865939438768,-2.626525124238419,1.9380942140334652,0.6224074729666574,1.2841845552893547,381.497538460268,0.9799218368343917,1,불량후보,0.0,정상
927,926,2020-03-30,2.33,14.549999999999999,2.701,70.0,2750.9685,0.18563573883161513,0,-0.6744907594765952,-2.529340348037322,0.0,-3.167865939438768,-3.058574372376198,1.8330156289088109,0.6272658810115918,1.3294678976342063,383.99200281935254,0.9846441947565543,1,불량후보,0.0,정상
1223,1222,2020-03-30,2.33,14.549999999999999,2.701,70.0,2750.9685,0.18563573883161513,0,-0.6744907594765952,-2.529340348037322,0.0,-3.167865939438768,-3.058574372376198,1.8330156289088109,0.6272658810115918,1.3294678976342063,383.99200281935254,0.9846441947565543,1,불량후보,0.0,정상
70,69,2020-03-31,2.32,14.78,2.6919999999999997,71.0,2824.9309599999992,0.1821380243572395,0,0.3372453797382901,0.6744907594765952,-2.24830253158895,-1.583932969719384,-1.2108206894964226,-1.3767572868611684,0.5390313300931031,1.615502093452764,136.6560005242211,0.9527112848070347,1,불량후보,0.0,정상
503,502,2020-03-31,2.2800000000000002,14.72,2.6910000000000003,71.0,2812.4179200000003,0.18281250000000002,0,-1.0117361392148854,-0.3372453797382976,-2.4731327847477154,-1.583932969719384,-1.6326467644101894,-0.6546191531965505,0.5441911490006823,1.7483517031920333,144.1677598196349,0.9607230092818759,1,불량후보,0.0,정상
909,908,2020-03-31,2.34,14.910000000000002,2.713,71.0,2872.0089300000004,0.18195841716968475,0,1.0117361392148854,2.8665857277756195,2.4731327847478153,-1.583932969719384,0.3762209326841417,-1.5690565946355615,0.5914126036053542,1.6495984745548635,146.67346947297662,0.9806220485262985,1,불량후보,0.0,정상
910,909,2020-03-31,2.34,14.930000000000001,2.71,73.0,2953.6019,0.1815137307434695,0,1.0117361392148854,3.203831107513917,1.7986420252711202,1.583932969719384,3.1267949159575577,-2.045167228636757,0.6654136405555389,1.4210380796293294,115.2973959189979,0.9541768441621886,1,불량후보,1.0,파임불량
923,922,2020-03-31,2.35,14.950000000000001,2.7060000000000004,71.0,2872.283700000001,0.18100334448160538,0,1.3489815189531904,3.541076487252215,0.89932101263566,-1.583932969719384,0.3854836818325703,-2.5916204423986633,0.611681885611244,1.217240721817393,148.34550943821125,0.9648265754763067,1,불량후보,0.0,정상
940,939,2020-03-31,2.4,14.799999999999999,2.697,73.0,2913.8388,0.18222972972972976,0,3.0352084176446708,1.011736139214893,-1.1241512657944253,1.583932969719384,1.7863442821063826,-1.2785714631802867,0.6306303906149063,2.0468341118161137,115.58034901887532,0.9569125549584759,1,불량후보,1.0,파임불량
941,940,2020-03-31,2.4,14.799999999999999,2.697,71.0,2834.0076,0.18222972972972976,0,3.0352084176446708,1.011736139214893,-1.1241512657944253,-1.583932969719384,-0.9048388158185705,-1.2785714631802867,0.5598887352749327,2.4323858381146715,155.62991549363574,0.9708190848396027,1,불량후보,0.0,정상
970,969,2020-03-31,2.32,14.83,2.699,70.0,2801.8319,0.18199595414699932,0,0.3372453797382901,1.5176042088223691,-0.674490759476695,-3.167865939438768,-1.9895112246499953,-1.528867029552961,0.5952573590561163,1.189756266541574,451.2830773748029,0.9609184171958964,1,불량후보,0.0,정상
976,975,2020-03-31,2.35,14.88,2.707,71.0,2859.89136,0.18192204301075268,0,1.3489815189531904,2.3607176581681433,1.1241512657944253,-1.583932969719384,-0.0322734851866076,-1.6080011696202359,0.5530493670889495,1.295801471434469,142.20435924396622,0.9540954241980133,1,불량후보,0.0,정상
977,976,2020-03-31,2.35,14.88,2.707,71.0,2859.89136,0.18192204301075268,0,1.3489815189531904,2.3607176581681433,1.1241512657944253,-1.583932969719384,-0.0322734851866076,-1.6080011696202359,0.5530493670889495,1.295801471434469,142.20435924396622,0.9540954241980133,1,불량후보,0.0,정상
985,984,2020-03-31,2.2800000000000002,14.930000000000001,2.693,71.0,2854.6607900000004,0.18037508372404554,0,-1.0117361392148854,3.203831107513917,-2.0234722784299852,-1.583932969719384,-0.20860080553895785,-3.264277870118511,0.6324910313140347,1.5626765669953684,133.35010523059032,0.9752157629050643,1,불량후보,0.0,정상
988,987,2020-03-31,2.29,15.070000000000002,2.701,71.0,2889.988970000001,0.17923025879230256,0,-0.6744907594765952,5.56454876568206,-0.22483025315886507,-1.583932969719384,0.982344600473371,-4.490002992226642,0.6327706368163916,1.232380508145546,136.54217551402533,0.9660804429246052,1,불량후보,0.0,정상
989,988,2020-03-31,2.29,15.070000000000002,2.701,71.0,2889.988970000001,0.17923025879230256,0,-0.6744907594765952,5.56454876568206,-0.22483025315886507,-1.583932969719384,0.982344600473371,-4.490002992226642,0.6327706368163916,1.232380508145546,136.54217551402533,0.9660804429246052,1,불량후보,0.0,정상
1484,1483,2020-03-31,2.37,14.590000000000002,2.7,70.0,2757.5100000000007,0.1850582590815627,0,2.0234722784297854,-2.529340348037262,-0.44966050631773014,-3.167865939438768,-3.4836431949563216,1.7498387234177826,0.619906942121118,1.4915024806667907,448.74523073931533,0.9909786679693862,1,불량후보,0.0,정상
1502,1501,2020-03-31,2.3899999999999997,14.590000000000002,2.697,71.0,2793.7953300000004,0.1848526387936943,0,2.6979630379063657,-2.529340348037262,-1.1241512657944253,-1.583932969719384,-2.2604313830503457,1.529688073770677,0.5752734668714032,1.2527067159028005,136.78201050375444,0.95653802312327,1,불량후보,0.0,정상
1503,1502,2020-03-31,2.3899999999999997,14.590000000000002,2.697,71.0,2793.7953300000004,0.1848526387936943,0,2.6979630379063657,-2.529340348037262,-1.1241512657944253,-1.583932969719384,-2.2604313830503457,1.529688073770677,0.5752734668714032,1.2527067159028005,136.78201050375444,0.95653802312327,1,불량후보,0.0,정상
1520,1519,2020-03-31,2.37,14.56,2.7,70.0,2751.84,0.18543956043956045,0,2.0234722784297854,-3.0352084176447383,-0.44966050631773014,-3.167865939438768,-3.674784104340571,2.1580851204282108,0.6356432767314683,1.4480211129423322,448.1052059758973,0.9923790913531998,1,불량후보,0.0,정상
1584,1583,2020-03-31,2.37,14.610000000000001,2.707,70.0,2768.4489,0.18528405201916492,0,2.0234722784297854,-2.1920949682989646,1.1241512657944253,-3.167865939438768,-3.114882825703585,1.991587543119213,0.6238121165284938,1.2852115290196,450.17027078295126,0.9823807197524833,1,불량후보,0.0,정상
1611,1610,2020-03-31,2.35,14.540000000000001,2.696,71.0,2783.1886400000003,0.18541953232462174,0,1.3489815189531904,-3.3724537973830357,-1.3489815189532903,-1.583932969719384,-2.6179926479809716,2.1366416988637784,0.585821677483679,1.3172702454608904,138.54054315750227,0.9676274222439342,1,불량후보,0.0,정상
1620,1619,2020-03-31,2.34,14.58,2.708,70.0,2763.7848000000004,0.18573388203017835,0,1.0117361392148854,-2.6979630379064408,1.34898151895339,-3.167865939438768,-3.2721139219044493,2.4732052384448053,0.6269199521599135,1.1456017253763007,455.25949736873054,0.9536883243771372,1,불량후보,0.0,정상
1685,1684,2020-03-31,2.33,14.549999999999999,2.701,71.0,2790.2680499999997,0.18563573883161513,0,0.6744907594765952,-3.203831107513917,-0.22483025315886507,-1.583932969719384,-2.3793392325834932,2.368126653320151,0.5491019258066415,1.3501365075249685,139.36421513570843,0.9552190197036312,1,불량후보,0.0,정상
1748,1747,2020-03-31,2.33,14.700000000000001,2.699,70.0,2777.271,0.18360544217687072,0,0.6744907594765952,-0.6744907594765952,-0.674490759476695,-3.167865939438768,-2.81748172928759,0.1943570698227924,0.585400575993506,1.1992911189821829,453.0582278012103,0.9602996254681648,1,불량후보,0.0,정상
1759,1758,2020-03-31,2.33,14.700000000000001,2.702,70.0,2780.358,0.18380952380952378,0,0.6744907594765952,-0.6744907594765952,0.0,-3.167865939438768,-2.7134161230672866,0.41286033365620395,0.5790280384640157,1.166825060317851,452.9501637479632,0.9506595017098193,1,불량후보,0.0,정상
1795,1794,2020-03-31,2.34,14.76,2.7,70.0,2789.6400000000003,0.1829268292682927,0,1.0117361392148854,0.3372453797382976,-0.44966050631773014,-3.167865939438768,-2.4005113751123544,-0.5322106936557232,0.5863269883720611,1.2211835555127248,452.03499709464586,0.9660967269174402,1,불량후보,0.0,정상
204,203,2020-04-02,2.37,14.56,2.7,70.0,2751.84,0.18543956043956045,0,1.3489815189531904,-2.8665857277755595,-0.44966050631773014,-3.167865939438768,-3.3175144388572493,2.0006644475466673,0.6181556595553384,1.255292141831924,371.06730365963176,0.9733105357433643,1,불량후보,0.0,정상
268,267,2020-04-02,2.37,14.610000000000001,2.707,70.0,2768.4489,0.18528405201916492,0,1.3489815189531904,-2.023472278429786,1.1241512657944253,-3.167865939438768,-2.7576131602202634,1.8341668702376694,0.6053013388876602,1.2218533809134324,372.29457043531835,0.9668946425663573,1,불량후보,0.0,정상
304,303,2020-04-02,2.34,14.58,2.708,70.0,2763.7848000000004,0.18573388203017835,0,0.3372453797382901,-2.529340348037262,1.34898151895339,-3.167865939438768,-2.9148442564211274,2.315784565563262,0.6212620352633732,1.213590677913986,380.1055818416344,0.9697606253053249,1,불량후보,3.0,크랙발생
334,333,2020-04-02,2.33,14.549999999999999,2.701,70.0,2750.9685,0.18563573883161513,0,0.0,-3.0352084176447383,-0.22483025315886507,-3.167865939438768,-3.3468935045589063,2.2107059804386076,0.6335767287128171,1.1447588079331614,383.13927394540076,0.9519947891222929,1,불량후보,2.0,용접부족
569,568,2020-04-02,2.37,14.56,2.7,70.0,2751.84,0.18543956043956045,0,1.3489815189531904,-2.8665857277755595,-0.44966050631773014,-3.167865939438768,-3.3175144388572493,2.0006644475466673,0.6181556595553384,1.255292141831924,371.06730365963176,0.9733105357433643,1,불량후보,0.0,정상
633,632,2020-04-02,2.37,14.610000000000001,2.707,70.0,2768.4489,0.18528405201916492,0,1.3489815189531904,-2.023472278429786,1.1241512657944253,-3.167865939438768,-2.7576131602202634,1.8341668702376694,0.6053013388876602,1.2218533809134324,372.29457043531835,0.9668946425663573,1,불량후보,0.0,정상
669,668,2020-04-02,2.34,14.58,2.708,70.0,2763.7848000000004,0.18573388203017835,0,0.3372453797382901,-2.529340348037262,1.34898151895339,-3.167865939438768,-2.9148442564211274,2.315784565563262,0.6212620352633732,1.213590677913986,380.1055818416344,0.9697606253053249,1,불량후보,3.0,크랙발생
733,732,2020-04-02,2.33,14.549999999999999,2.701,70.0,2750.9685,0.18563573883161513,0,0.0,-3.0352084176447383,-0.22483025315886507,-3.167865939438768,-3.3468935045589063,2.2107059804386076,0.6335767287128171,1.1447588079331614,383.13927394540076,0.9519947891222929,1,불량후보,0.0,정상
1029,1028,2020-04-02,2.33,14.549999999999999,2.701,70.0,2750.9685,0.18563573883161513,0,0.0,-3.0352084176447383,-0.22483025315886507,-3.167865939438768,-3.3468935045589063,2.2107059804386076,0.6335767287128171,1.1447588079331614,383.13927394540076,0.9519947891222929,1,불량후보,0.0,정상
1741,1740,2020-04-02,2.29,14.76,2.71,70.0,2799.972,0.18360433604336043,0,-1.3489815189531904,0.5058680696074763,1.7986420252711202,-3.167865939438768,-1.6949404969733257,0.035752097408306295,0.5805760996178281,1.5156026977592023,388.6121648760816,0.980719752483309,1,불량후보,0.0,정상
1876,1875,2020-04-02,2.27,14.72,2.702,70.0,2784.1408,0.18355978260869565,0,-2.0234722784297854,-0.16862268986911885,0.0,-3.167865939438768,-2.2286247940886104,-0.011949749948983327,0.5950646553523702,1.4197730615326938,394.86743423703666,0.9834554632795962,1,불량후보,0.0,정상
1900,1899,2020-04-02,2.29,14.729999999999999,2.697,70.0,2780.8767,0.18309572301425664,0,-1.3489815189531904,0.0,-1.1241512657944253,-3.167865939438768,-2.3386606040217903,-0.508802576339834,0.5887586313392201,1.2410441033534299,385.40992059661806,0.9678228301579548,1,불량후보,0.0,정상
185,184,2020-04-03,2.34,14.910000000000002,2.713,71.0,2872.0089300000004,0.18195841716968475,0,1.0117361392148854,2.78227438284103,2.69796303790668,-1.583932969719384,0.3609782036564274,-1.2903607735115161,0.5880399518323267,1.7196000484289589,124.13942002518506,0.953590620420127,1,불량후보,0.0,정상
186,185,2020-04-03,2.34,14.930000000000001,2.71,73.0,2953.6019,0.1815137307434695,0,1.0117361392148854,3.1195197625793276,2.0234722784299852,1.583932969719384,3.1115521869298433,-1.7664714075127117,0.6638017549087774,1.4758689244324985,129.02516433000275,0.9682136459859958,1,불량후보,1.0,파임불량
216,215,2020-04-03,2.4,14.799999999999999,2.697,73.0,2913.8388,0.18222972972972976,0,3.0352084176446708,0.9274247942803034,-0.8993210126355601,1.583932969719384,1.7711015530786682,-0.9998756420562412,0.6169078690678071,2.004166379847794,126.87133342331565,0.9653150952613582,1,불량후보,1.0,파임불량
272,271,2020-04-03,2.31,14.950000000000001,2.7030000000000003,73.0,2949.9190500000004,0.1808026755852843,0,0.0,3.456765142317625,0.44966050631783,1.583932969719384,2.987399929764824,-2.5277739843750457,0.6467335047431931,1.4072748069766305,117.92846687379387,0.9538837322911577,1,불량후보,0.0,정상
760,759,2020-04-03,2.37,14.590000000000002,2.7,70.0,2757.5100000000007,0.1850582590815627,0,2.0234722784297854,-2.6136516929718514,-0.22483025315886507,-3.167865939438768,-3.498885923984036,2.028534544541828,0.6199870309287365,1.3196019642295576,411.4320997334776,0.9832926233512457,1,불량후보,0.0,정상
796,795,2020-04-03,2.37,14.56,2.7,70.0,2751.84,0.18543956043956045,0,2.0234722784297854,-3.1195197625793276,-0.22483025315886507,-3.167865939438768,-3.6900268333682855,2.436780941552256,0.6452268475368729,1.2913338240540833,411.62107514423735,0.9838137111219671,1,불량후보,3.0,크랙발생
160,159,2020-04-07,2.33,14.549999999999999,2.701,70.0,2750.9685,0.18563573883161513,0,-0.6744907594765952,-1.0117361392149526,0.0,-3.167865939438768,-2.8514926752272687,0.9912667097140031,0.5965307038465847,1.267446343308722,378.77994190777696,0.9730662758508387,1,불량후보,2.0,용접부족
240,239,2020-04-07,2.32,14.74,2.695,73.0,2899.8739,0.18283582089552236,0,-1.0117361392149002,2.1920949682989646,-1.34898151895339,1.583932969719384,2.168245167492798,-2.006510207045663,0.6304786790063492,1.4307613788381623,112.69435197864594,0.9504966617814689,1,불량후보,0.0,정상
320,319,2020-04-07,2.32,14.74,2.695,73.0,2899.8739,0.18283582089552236,0,-1.0117361392149002,2.1920949682989646,-1.34898151895339,1.583932969719384,2.168245167492798,-2.006510207045663,0.6304786790063492,1.4307613788381623,112.69435197864594,0.9504966617814689,1,불량후보,0.0,정상
464,463,2020-04-07,2.32,14.74,2.695,73.0,2899.8739,0.18283582089552236,0,-1.0117361392149002,2.1920949682989646,-1.34898151895339,1.583932969719384,2.168245167492798,-2.006510207045663,0.6304786790063492,1.4307613788381623,112.69435197864594,0.9504966617814689,1,불량후보,0.0,정상
544,543,2020-04-07,2.32,14.74,2.695,73.0,2899.8739,0.18283582089552236,0,-1.0117361392149002,2.1920949682989646,-1.34898151895339,1.583932969719384,2.168245167492798,-2.006510207045663,0.6304786790063492,1.4307613788381623,112.69435197864594,0.9504966617814689,1,불량후보,0.0,정상
622,621,2020-04-07,2.32,14.74,2.695,73.0,2899.8739,0.18283582089552236,0,-1.0117361392149002,2.1920949682989646,-1.34898151895339,1.583932969719384,2.168245167492798,-2.006510207045663,0.6304786790063492,1.4307613788381623,112.69435197864594,0.9504966617814689,1,불량후보,0.0,정상
