idx,seq,date,weld force(bar),weld current(kA),weld Voltage(v),weld time(ms),heat_input_Q(J),dyn_resistance_R(mOhm),anomaly_score,p_defect,최종판정,defect_type,defect_name,type_confidence,p_파임불량,p_용접부족,p_크랙발생,추정라벨,추정라벨과_일치
8,7,2020-03-24,2.33,14.53,2.7,70.0,2746.17,0.1858224363386098,0.9669760625305326,0.9972097277936387,불량,3,크랙발생,0.6769642857142861,0.003333333333333333,0.31970238095238096,0.6769642857142861,크랙발생,일치
49,48,2020-03-24,2.3600000000000003,14.570000000000002,2.7110000000000003,73.0,2883.4467100000006,0.1860672614962251,0.95088747760951,0.43548277665227647,정상,0,정상,,0.9490666666666667,0.001833333333333333,0.049100000000000005,정상,일치
65,64,2020-03-24,2.31,14.6,2.71,73.0,2888.318,0.1856164383561644,0.9789936492427944,0.0676436942636152,정상,0,정상,,0.7148,0.2012,0.084,정상,일치
70,69,2020-03-24,2.19,14.61,2.705,73.0,2884.96365,0.1851471594798083,0.9891222927861912,0.04334690405111837,정상,0,정상,,0.6778,0.29669999999999996,0.0255,정상,일치
71,70,2020-03-24,2.17,14.64,2.701,71.0,2807.52744,0.1844945355191257,0.965217391304348,0.9843874535183729,불량,2,용접부족,0.9569873737373735,0.0018,0.9569873737373735,0.04121262626262626,용접부족,일치
108,107,2020-03-24,2.35,14.56,2.698,70.0,2749.8016,0.1853021978021977,0.9762579384465072,0.13458274286024552,정상,0,정상,,0.013376190476190476,0.33609047619047616,0.6505333333333334,정상,일치
221,220,2020-03-24,2.37,14.56,2.7,70.0,2751.84,0.1854395604395604,0.9731639798078487,0.28836992614984885,정상,0,정상,,0.045604761904761905,0.2773571428571428,0.6770380952380954,정상,일치
285,284,2020-03-24,2.37,14.61,2.707,70.0,2768.4489,0.1852840520191649,0.97733268197362,0.13450743128049716,정상,0,정상,,0.062271428571428575,0.06490000000000004,0.8728285714285713,정상,일치
311,310,2020-03-24,2.35,14.54,2.696,73.0,2861.5883200000003,0.1854195323246217,0.960364761439505,0.0,정상,0,정상,,0.7993380952380951,0.07662142857142856,0.1240404761904762,정상,일치
321,320,2020-03-24,2.34,14.58,2.708,70.0,2763.7848000000004,0.1857338820301783,0.9752483308907344,0.6478746667366043,불량,3,크랙발생,0.9351,0.010066666666666666,0.05483333333333334,0.9351,정상,불일치
326,325,2020-03-24,2.33,14.6,2.6910000000000003,73.0,2868.0678000000003,0.1843150684931507,0.9747923790913532,0.0,정상,0,정상,,0.8004380952380952,0.10908333333333334,0.09047857142857142,정상,일치
385,384,2020-03-24,2.33,14.55,2.701,70.0,2750.9685,0.1856357388316151,0.9763556424035174,0.8259726573417934,불량,3,크랙발생,0.6019214285714288,0.004904761904761905,0.3931738095238095,0.6019214285714288,정상,불일치
679,678,2020-03-24,2.31,14.78,2.695,73.0,2907.7433,0.1823410013531799,0.9661944308744506,0.023794604493461463,정상,0,정상,,0.7789666666666666,0.21786666666666665,0.0031666666666666666,정상,일치
733,732,2020-03-24,2.25,14.76,2.699,73.0,2908.1185199999995,0.1828590785907859,0.9784074255007328,0.013819860651027067,정상,0,정상,,0.7789666666666666,0.21986666666666665,0.0011666666666666665,정상,일치
746,745,2020-03-24,2.16,14.79,2.7,71.0,2835.2430000000004,0.1825557809330628,0.9599413776257938,0.18513338476624958,정상,0,정상,,0.2789666666666667,0.6938277777777778,0.02720555555555556,정상,일치
747,746,2020-03-24,2.17,14.77,2.698,73.0,2909.01058,0.1826675693974272,0.9884057971014492,0.03534782983364863,정상,0,정상,,0.7789666666666666,0.21986666666666665,0.0011666666666666665,정상,일치
823,822,2020-03-24,2.34,14.74,2.714,73.0,2920.31828,0.1841248303934871,0.9598436736687836,0.06482866399194247,정상,0,정상,,0.8946,0.03286666666666667,0.07253333333333332,정상,일치
1200,1199,2020-03-24,2.26,14.73,2.702,73.0,2905.4335799999994,0.1834351663272233,0.9625142484937308,0.001983606557377049,정상,0,정상,,0.6976333333333332,0.30186666666666667,0.0005,정상,일치
11,10,2020-03-25,2.29,14.76,2.71,70.0,2799.972,0.1836043360433604,0.9568799869728056,0.009883913210821807,정상,0,정상,,0.10763333333333333,0.6479207070707069,0.24444595959595963,정상,일치
456,455,2020-03-25,2.34,14.93,2.71,73.0,2953.6019,0.1815137307434695,0.9869076697606252,0.9992071947738823,불량,1,파임불량,0.998,0.998,0.0,0.002,파임불량,일치
486,485,2020-03-25,2.4,14.8,2.697,73.0,2913.8388,0.1822297297297297,0.9897410845139228,0.9982975116843708,불량,1,파임불량,0.9923333333333335,0.9923333333333335,0.0006666666666666666,0.006999999999999999,파임불량,일치
516,515,2020-03-25,2.32,14.83,2.699,70.0,2801.8319,0.1819959541469993,0.9676925582152744,0.0,정상,0,정상,,0.21893333333333337,0.41245404040404027,0.36861262626262636,정상,일치
537,536,2020-03-25,2.3,14.93,2.704,73.0,2947.06256,0.1811118553248492,0.9817619280247516,0.0796957941784227,불량,1,파임불량,0.9098666666666667,0.9098666666666667,0.060533333333333335,0.0296,정상,불일치
542,541,2020-03-25,2.31,14.95,2.7030000000000003,73.0,2949.9190500000004,0.1808026755852843,0.987168213645986,0.08725699107742292,불량,1,파임불량,0.9162,0.9162,0.05353333333333333,0.03026666666666667,정상,불일치
1030,1029,2020-03-25,2.37,14.590000000000002,2.7,70.0,2757.5100000000007,0.1850582590815627,0.9863540140042336,0.10074534683211119,불량,3,크랙발생,0.6550809523809524,0.054271428571428575,0.29064761904761893,0.6550809523809524,정상,불일치
1066,1065,2020-03-25,2.37,14.56,2.7,70.0,2751.84,0.1854395604395604,0.9885035010584596,0.9923846283247504,불량,3,크랙발생,0.7407738095238098,0.04193809523809524,0.21728809523809528,0.7407738095238098,크랙발생,일치
1130,1129,2020-03-25,2.37,14.61,2.707,70.0,2768.4489,0.1852840520191649,0.983357759322586,0.16972175589969507,불량,3,크랙발생,0.8908499999999998,0.05836666666666667,0.05078333333333334,0.8908499999999998,정상,불일치
1166,1165,2020-03-25,2.34,14.58,2.708,70.0,2763.7848000000004,0.1857338820301783,0.9684416218856864,0.9961551864873869,불량,3,크랙발생,0.9010261904761904,0.04390000000000001,0.055073809523809525,0.9010261904761904,크랙발생,일치
1341,1340,2020-03-25,2.34,14.76,2.7,70.0,2789.6400000000003,0.1829268292682927,0.9606904412962058,0.0,정상,0,정상,,0.24066666666666672,0.37225404040404036,0.387079292929293,정상,일치
55,54,2020-03-26,2.32,14.750000000000002,2.698,70.0,2785.6850000000004,0.1829152542372881,0.9839276990718124,0.003953000061038882,불량,2,용접부족,0.7990540404040404,0.16796666666666668,0.7990540404040404,0.032979292929292935,정상,불일치
76,75,2020-03-26,2.33,14.74,2.7110000000000003,73.0,2917.09022,0.183921302578019,0.9509688975736852,0.019594985985229064,불량,1,파임불량,0.7956333333333332,0.7956333333333332,0.17086666666666667,0.0335,정상,불일치
200,199,2020-03-26,2.37,14.56,2.7,70.0,2751.84,0.1854395604395604,0.9596971177332684,0.20654031822878577,불량,3,크랙발생,0.4902507936507937,0.025304761904761903,0.4844444444444444,0.4902507936507937,정상,불일치
364,363,2020-03-26,2.33,14.55,2.701,70.0,2750.9685,0.1856357388316151,0.9803126526624328,0.9997878734548139,불량,2,용접부족,0.9716611111111111,0.0,0.9716611111111111,0.028338888888888886,용접부족,일치
475,474,2020-03-26,2.34,14.76,2.7,70.0,2789.6400000000003,0.1829268292682927,0.9797589969060412,0.0,정상,0,정상,,0.20186666666666667,0.4487516594516594,0.3493816738816739,정상,일치
599,598,2020-03-26,2.37,14.56,2.7,70.0,2751.84,0.1854395604395604,0.9596971177332684,0.20654031822878577,불량,3,크랙발생,0.4902507936507937,0.025304761904761903,0.4844444444444444,0.4902507936507937,정상,불일치
763,762,2020-03-26,2.33,14.55,2.701,70.0,2750.9685,0.1856357388316151,0.9803126526624328,0.9997878734548139,불량,2,용접부족,0.9716611111111111,0.0,0.9716611111111111,0.028338888888888886,용접부족,일치
874,873,2020-03-26,2.34,14.76,2.7,70.0,2789.6400000000003,0.1829268292682927,0.9797589969060412,0.0,정상,0,정상,,0.20186666666666667,0.4487516594516594,0.3493816738816739,정상,일치
938,937,2020-03-26,2.32,14.750000000000002,2.698,70.0,2785.6850000000004,0.1829152542372881,0.9839276990718124,0.003953000061038882,정상,0,정상,,0.16796666666666668,0.7990540404040404,0.032979292929292935,정상,일치
959,958,2020-03-26,2.33,14.74,2.7110000000000003,73.0,2917.09022,0.183921302578019,0.9509688975736852,0.019594985985229064,불량,1,파임불량,0.7956333333333332,0.7956333333333332,0.17086666666666667,0.0335,정상,불일치
513,511,2020-03-27,2.28,14.72,2.6910000000000003,71.0,2812.4179200000003,0.1828125,0.955870379417033,0.0,정상,0,정상,,0.07196666666666666,0.8883873737373736,0.0396459595959596,라벨없음(03-27),비교불가(라벨없음)
610,608,2020-03-27,2.27,14.72,2.702,70.0,2784.1408,0.1835597826086956,0.9574987787005376,0.897006839618756,불량,2,용접부족,0.9845111111111112,0.0018333333333333333,0.9845111111111112,0.013655555555555554,라벨없음(03-27),비교불가(라벨없음)
919,917,2020-03-27,2.34,14.910000000000002,2.713,71.0,2872.0089300000004,0.1819584171696847,0.974303859306302,0.001980769230769231,정상,0,정상,,0.6613333333333332,0.09151666666666668,0.24715,라벨없음(03-27),비교불가(라벨없음)
920,918,2020-03-27,2.34,14.93,2.71,73.0,2953.6019,0.1815137307434695,0.956554307116105,0.9996219168409515,불량,1,파임불량,0.998,0.998,0.0,0.002,라벨없음(03-27),비교불가(라벨없음)
933,931,2020-03-27,2.35,14.95,2.7060000000000004,71.0,2872.283700000001,0.1810033444816053,0.952483308907344,0.0,정상,0,정상,,0.6416666666666666,0.09385,0.26448333333333335,라벨없음(03-27),비교불가(라벨없음)
950,948,2020-03-27,2.4,14.8,2.697,73.0,2913.8388,0.1822297297297297,0.9581501384139391,0.5552412817036747,불량,1,파임불량,0.9923333333333335,0.9923333333333335,0.0006666666666666666,0.006999999999999999,라벨없음(03-27),비교불가(라벨없음)
951,949,2020-03-27,2.4,14.8,2.697,71.0,2834.0076,0.1822297297297297,0.9685718938283668,0.05374076710074799,정상,0,정상,,0.2566666666666667,0.3471111832611832,0.39622215007215017,라벨없음(03-27),비교불가(라벨없음)
980,978,2020-03-27,2.32,14.83,2.699,70.0,2801.8319,0.1819959541469993,0.9522879009933236,0.0019805825242718445,정상,0,정상,,0.21793333333333337,0.41345404040404027,0.36861262626262636,라벨없음(03-27),비교불가(라벨없음)
995,993,2020-03-27,2.28,14.93,2.693,71.0,2854.6607900000004,0.1803750837240455,0.9612766650382674,0.0,정상,0,정상,,0.2789666666666667,0.6938277777777778,0.02720555555555556,라벨없음(03-27),비교불가(라벨없음)
1494,1492,2020-03-27,2.37,14.590000000000002,2.7,70.0,2757.5100000000007,0.1850582590815627,0.9911089399120664,0.41809422250903316,정상,0,정상,,0.044438095238095235,0.29531190476190466,0.6602500000000002,라벨없음(03-27),비교불가(라벨없음)
1530,1528,2020-03-27,2.37,14.56,2.7,70.0,2751.84,0.1854395604395604,0.9915974596971178,0.9595535857916826,불량,3,크랙발생,0.7279785714285718,0.037804761904761904,0.23421666666666677,0.7279785714285718,라벨없음(03-27),비교불가(라벨없음)
1594,1592,2020-03-27,2.37,14.61,2.707,70.0,2768.4489,0.1852840520191649,0.9815990880964012,0.44017655013026835,불량,3,크랙발생,0.8626999999999998,0.059366666666666665,0.07793333333333335,0.8626999999999998,라벨없음(03-27),비교불가(라벨없음)
1621,1619,2020-03-27,2.35,14.54,2.696,71.0,2783.1886400000003,0.1854195323246217,0.957401074743527,0.041360973388574494,정상,0,정상,,0.037233333333333334,0.2944238095238094,0.6683428571428576,라벨없음(03-27),비교불가(라벨없음)
1630,1628,2020-03-27,2.34,14.58,2.708,70.0,2763.7848000000004,0.1857338820301783,0.9568474189871358,0.9294854564907602,불량,3,크랙발생,0.8724047619047618,0.04947142857142858,0.07812380952380953,0.8724047619047618,라벨없음(03-27),비교불가(라벨없음)
44,43,2020-03-30,2.33,14.55,2.701,70.0,2750.9685,0.1856357388316151,0.9846441947565544,0.9948431085306122,불량,2,용접부족,0.9485166666666667,0.0,0.9485166666666667,0.051483333333333325,용접부족,일치
464,463,2020-03-30,2.34,14.58,2.708,70.0,2763.7848000000004,0.1857338820301783,0.9799218368343916,0.9925221471582794,정상,0,정상,,0.0024,0.05718333333333334,0.9404166666666666,크랙발생,불일치
528,527,2020-03-30,2.33,14.55,2.701,70.0,2750.9685,0.1856357388316151,0.9846441947565544,0.9948431085306122,불량,2,용접부족,0.9485166666666667,0.0,0.9485166666666667,0.051483333333333325,용접부족,일치
863,862,2020-03-30,2.34,14.58,2.708,70.0,2763.7848000000004,0.1857338820301783,0.9799218368343916,0.9925221471582794,정상,0,정상,,0.0024,0.05718333333333334,0.9404166666666666,정상,일치
927,926,2020-03-30,2.33,14.55,2.701,70.0,2750.9685,0.1856357388316151,0.9846441947565544,0.9948431085306122,불량,2,용접부족,0.9485166666666667,0.0,0.9485166666666667,0.051483333333333325,정상,불일치
1223,1222,2020-03-30,2.33,14.55,2.701,70.0,2750.9685,0.1856357388316151,0.9846441947565544,0.9948431085306122,불량,2,용접부족,0.9485166666666667,0.0,0.9485166666666667,0.051483333333333325,정상,불일치
70,69,2020-03-31,2.32,14.78,2.692,71.0,2824.9309599999992,0.1821380243572395,0.9527112848070348,0.003945799915576193,정상,0,정상,,0.21893333333333337,0.41245404040404027,0.36861262626262636,정상,일치
503,502,2020-03-31,2.28,14.72,2.6910000000000003,71.0,2812.4179200000003,0.1828125,0.960723009281876,0.0,정상,0,정상,,0.08396666666666666,0.8763873737373736,0.0396459595959596,정상,일치
909,908,2020-03-31,2.34,14.910000000000002,2.713,71.0,2872.0089300000004,0.1819584171696847,0.9806220485262984,0.003961538461538462,정상,0,정상,,0.6613333333333332,0.09151666666666668,0.24715,정상,일치
910,909,2020-03-31,2.34,14.93,2.71,73.0,2953.6019,0.1815137307434695,0.9541768441621886,0.9997231533264676,불량,1,파임불량,0.998,0.998,0.0,0.002,파임불량,일치
923,922,2020-03-31,2.35,14.95,2.7060000000000004,71.0,2872.283700000001,0.1810033444816053,0.9648265754763068,0.0,정상,0,정상,,0.6416666666666666,0.09385,0.26448333333333335,정상,일치
940,939,2020-03-31,2.4,14.8,2.697,73.0,2913.8388,0.1822297297297297,0.956912554958476,0.9993075380974423,불량,1,파임불량,0.9923333333333335,0.9923333333333335,0.0006666666666666666,0.006999999999999999,파임불량,일치
941,940,2020-03-31,2.4,14.8,2.697,71.0,2834.0076,0.1822297297297297,0.9708190848396028,0.049806498554619855,정상,0,정상,,0.26466666666666666,0.3471111832611832,0.3882221500721501,정상,일치
970,969,2020-03-31,2.32,14.83,2.699,70.0,2801.8319,0.1819959541469993,0.9609184171958964,0.0,정상,0,정상,,0.21793333333333337,0.41345404040404027,0.36861262626262636,정상,일치
976,975,2020-03-31,2.35,14.88,2.707,71.0,2859.89136,0.1819220430107526,0.9540954241980132,0.0,정상,0,정상,,0.5596666666666666,0.12389444444444446,0.3164388888888889,정상,일치
977,976,2020-03-31,2.35,14.88,2.707,71.0,2859.89136,0.1819220430107526,0.9540954241980132,0.0,정상,0,정상,,0.5596666666666666,0.12389444444444446,0.3164388888888889,정상,일치
985,984,2020-03-31,2.28,14.93,2.693,71.0,2854.6607900000004,0.1803750837240455,0.9752157629050644,0.0,정상,0,정상,,0.2829666666666667,0.6898277777777778,0.02720555555555556,정상,일치
988,987,2020-03-31,2.29,15.070000000000002,2.701,71.0,2889.988970000001,0.1792302587923025,0.9660804429246052,0.0,정상,0,정상,,0.5016333333333334,0.48251666666666665,0.015850000000000003,정상,일치
989,988,2020-03-31,2.29,15.070000000000002,2.701,71.0,2889.988970000001,0.1792302587923025,0.9660804429246052,0.0,정상,0,정상,,0.5016333333333334,0.48251666666666665,0.015850000000000003,정상,일치
1484,1483,2020-03-31,2.37,14.590000000000002,2.7,70.0,2757.5100000000007,0.1850582590815627,0.9909786679693862,0.3150231608672932,불량,3,크랙발생,0.6615500000000001,0.045438095238095236,0.2930119047619047,0.6615500000000001,정상,불일치
1502,1501,2020-03-31,2.39,14.590000000000002,2.697,71.0,2793.7953300000004,0.1848526387936943,0.95653802312327,0.0019833333333333335,정상,0,정상,,0.04643809523809524,0.29054054834054827,0.6630213564213568,정상,일치
1503,1502,2020-03-31,2.39,14.590000000000002,2.697,71.0,2793.7953300000004,0.1848526387936943,0.95653802312327,0.0019833333333333335,정상,0,정상,,0.04643809523809524,0.29054054834054827,0.6630213564213568,정상,일치
1520,1519,2020-03-31,2.37,14.56,2.7,70.0,2751.84,0.1854395604395604,0.9923790913531998,0.9251732574921567,불량,3,크랙발생,0.6817547619047623,0.03913809523809524,0.27910714285714283,0.6817547619047623,정상,불일치
1584,1583,2020-03-31,2.37,14.61,2.707,70.0,2768.4489,0.1852840520191649,0.9823807197524832,0.23741283437593214,정상,0,정상,,0.059366666666666665,0.06860000000000002,0.8720333333333333,정상,일치
1611,1610,2020-03-31,2.35,14.54,2.696,71.0,2783.1886400000003,0.1854195323246217,0.9676274222439342,0.03342124838286478,정상,0,정상,,0.037233333333333334,0.2868738095238095,0.6758928571428574,정상,일치
1620,1619,2020-03-31,2.34,14.58,2.708,70.0,2763.7848000000004,0.1857338820301783,0.9536883243771372,0.9193954560794249,불량,3,크랙발생,0.8724047619047618,0.04947142857142858,0.07812380952380953,0.8724047619047618,정상,불일치
1685,1684,2020-03-31,2.33,14.55,2.701,71.0,2790.26805,0.1856357388316151,0.9552190197036312,0.04190859156554699,정상,0,정상,,0.009971428571428572,0.3274334054834056,0.6625951659451664,정상,일치
1748,1747,2020-03-31,2.33,14.7,2.699,70.0,2777.271,0.1836054421768707,0.9602996254681648,0.03557507602199956,정상,0,정상,,0.03437142857142857,0.4507777777777777,0.5148507936507938,정상,일치
1759,1758,2020-03-31,2.33,14.7,2.702,70.0,2780.358,0.1838095238095237,0.9506595017098192,0.1313312955908542,정상,0,정상,,0.025704761904761907,0.47372777777777764,0.5005674603174605,정상,일치
1795,1794,2020-03-31,2.34,14.76,2.7,70.0,2789.6400000000003,0.1829268292682927,0.9660967269174402,0.029802774924638144,정상,0,정상,,0.2106666666666667,0.38282070707070703,0.4065126262626264,정상,일치
204,203,2020-04-02,2.37,14.56,2.7,70.0,2751.84,0.1854395604395604,0.9733105357433643,0.47882626286329594,정상,0,정상,,0.04193809523809524,0.23853333333333337,0.7195285714285719,정상,일치
268,267,2020-04-02,2.37,14.61,2.707,70.0,2768.4489,0.1852840520191649,0.9668946425663572,0.13398164506925356,정상,0,정상,,0.061271428571428574,0.06831666666666669,0.8704119047619046,정상,일치
304,303,2020-04-02,2.34,14.58,2.708,70.0,2763.7848000000004,0.1857338820301783,0.9697606253053248,0.9996485825984258,불량,3,크랙발생,0.9688000000000002,0.005066666666666667,0.026133333333333328,0.9688000000000002,크랙발생,일치
334,333,2020-04-02,2.33,14.55,2.701,70.0,2750.9685,0.1856357388316151,0.9519947891222929,0.9913509971552658,불량,3,크랙발생,0.5415833333333335,0.003904761904761905,0.4545119047619045,0.5415833333333335,용접부족,불일치
569,568,2020-04-02,2.37,14.56,2.7,70.0,2751.84,0.1854395604395604,0.9733105357433643,0.47882626286329594,정상,0,정상,,0.04193809523809524,0.23853333333333337,0.7195285714285719,정상,일치
633,632,2020-04-02,2.37,14.61,2.707,70.0,2768.4489,0.1852840520191649,0.9668946425663572,0.13398164506925356,정상,0,정상,,0.061271428571428574,0.06831666666666669,0.8704119047619046,정상,일치
669,668,2020-04-02,2.34,14.58,2.708,70.0,2763.7848000000004,0.1857338820301783,0.9697606253053248,0.9996485825984258,불량,3,크랙발생,0.9688000000000002,0.005066666666666667,0.026133333333333328,0.9688000000000002,크랙발생,일치
733,732,2020-04-02,2.33,14.55,2.701,70.0,2750.9685,0.1856357388316151,0.9519947891222929,0.9913509971552658,불량,3,크랙발생,0.5415833333333335,0.003904761904761905,0.4545119047619045,0.5415833333333335,정상,불일치
1029,1028,2020-04-02,2.33,14.55,2.701,70.0,2750.9685,0.1856357388316151,0.9519947891222929,0.9913509971552658,정상,0,정상,,0.003904761904761905,0.4545119047619045,0.5415833333333335,정상,일치
1741,1740,2020-04-02,2.29,14.76,2.71,70.0,2799.972,0.1836043360433604,0.980719752483309,0.02778168902228115,정상,0,정상,,0.10863333333333333,0.6581873737373737,0.23317929292929293,정상,일치
1876,1875,2020-04-02,2.27,14.72,2.702,70.0,2784.1408,0.1835597826086956,0.9834554632795962,0.1766021752016078,정상,0,정상,,0.0026333333333333334,0.9728540404040403,0.02451262626262626,정상,일치
1900,1899,2020-04-02,2.29,14.73,2.697,70.0,2780.8767,0.1830957230142566,0.9678228301579548,0.2802699682319875,정상,0,정상,,0.06996666666666666,0.891720707070707,0.03831262626262627,정상,일치
185,184,2020-04-03,2.34,14.910000000000002,2.713,71.0,2872.0089300000004,0.1819584171696847,0.953590620420127,0.001980769230769231,정상,0,정상,,0.6613333333333332,0.09151666666666668,0.24715,정상,일치
186,185,2020-04-03,2.34,14.93,2.71,73.0,2953.6019,0.1815137307434695,0.9682136459859958,0.9989033873688149,불량,1,파임불량,0.997,0.997,0.0,0.003,파임불량,일치
216,215,2020-04-03,2.4,14.8,2.697,73.0,2913.8388,0.1822297297297297,0.9653150952613582,0.9981592125268132,불량,1,파임불량,0.9923333333333335,0.9923333333333335,0.0006666666666666666,0.006999999999999999,파임불량,일치
272,271,2020-04-03,2.31,14.95,2.7030000000000003,73.0,2949.9190500000004,0.1808026755852843,0.9538837322911576,0.025610066358921484,정상,0,정상,,0.9162,0.05353333333333333,0.03026666666666667,정상,일치
760,759,2020-04-03,2.37,14.590000000000002,2.7,70.0,2757.5100000000007,0.1850582590815627,0.9832926233512456,0.49403603784181255,불량,3,크랙발생,0.6841000000000002,0.04153333333333333,0.2743666666666666,0.6841000000000002,정상,불일치
796,795,2020-04-03,2.37,14.56,2.7,70.0,2751.84,0.1854395604395604,0.9838137111219672,0.9976062427013801,불량,3,크랙발생,0.6878547619047622,0.03880476190476192,0.2733404761904762,0.6878547619047622,크랙발생,일치
160,159,2020-04-07,2.33,14.55,2.701,70.0,2750.9685,0.1856357388316151,0.9730662758508388,0.999034645649554,불량,2,용접부족,0.9741777777777778,0.0,0.9741777777777778,0.025822222222222226,용접부족,일치
240,239,2020-04-07,2.32,14.74,2.695,73.0,2899.8739,0.1828358208955223,0.9504966617814689,0.005903109895120839,불량,1,파임불량,0.7789666666666666,0.7789666666666666,0.21986666666666665,0.0011666666666666665,정상,불일치
320,319,2020-04-07,2.32,14.74,2.695,73.0,2899.8739,0.1828358208955223,0.9504966617814689,0.005903109895120839,불량,1,파임불량,0.7789666666666666,0.7789666666666666,0.21986666666666665,0.0011666666666666665,정상,불일치
464,463,2020-04-07,2.32,14.74,2.695,73.0,2899.8739,0.1828358208955223,0.9504966617814689,0.005903109895120839,정상,0,정상,,0.7789666666666666,0.21986666666666665,0.0011666666666666665,정상,일치
544,543,2020-04-07,2.32,14.74,2.695,73.0,2899.8739,0.1828358208955223,0.9504966617814689,0.005903109895120839,정상,0,정상,,0.7789666666666666,0.21986666666666665,0.0011666666666666665,정상,일치
622,621,2020-04-07,2.32,14.74,2.695,73.0,2899.8739,0.1828358208955223,0.9504966617814689,0.005903109895120839,정상,0,정상,,0.7789666666666666,0.21986666666666665,0.0011666666666666665,정상,일치
