uid,date,idx,seq,weld force(bar),weld current(kA),weld Voltage(v),weld time(ms),R_dyn(mOhm),Q_heat(J),candidate_source,segment_id,anomaly_score,defect type,defect name,P_defect,P_normal,P_T1,P_T2,P_T3,tree_rule_type,weak_label,inspected_day
20200324_108,20200324,108,107,2.35,14.56,2.698,70.0,0.1853,2749.8,day_relative,,0.9451,2,용접부족,0.879,0.121,0.0,0.879,0.0,2,용접부족,Y
20200324_147,20200324,147,146,2.38,14.52,2.707,73.0,0.18643,2869.31,day_relative,,0.9388,1,파임불량,0.855,0.145,0.854,0.0,0.002,1,정상,Y
20200324_221,20200324,221,220,2.37,14.56,2.7,70.0,0.18544,2751.84,day_relative,,0.9323,2,용접부족,0.83,0.17,0.0,0.83,0.0,2,정상,Y
20200324_226,20200324,226,225,2.39,14.56,2.712,73.0,0.18626,2882.53,day_relative,,0.9206,1,파임불량,0.997,0.003,0.646,0.0,0.351,1,파임불량,Y
20200324_301,20200324,301,300,2.35,14.53,2.712,71.0,0.18665,2797.78,day_relative,,0.9545,3,크랙발생,0.804,0.196,0.0,0.0,0.804,3,정상,Y
20200324_747,20200324,747,746,2.17,14.77,2.698,73.0,0.18267,2909.01,drift_segment,20200324_S01,,3,크랙발생,0.713,0.287,0.003,0.0,0.71,3,크랙발생,Y
20200324_823,20200324,823,822,2.34,14.74,2.714,73.0,0.18412,2920.32,day_relative,,0.9261,3,크랙발생,0.9,0.1,0.418,0.0,0.483,3,파임불량,Y
20200325_551,20200325,551,550,1.74,14.71,2.702,72.0,0.18368,2861.74,point_anomaly,,0.9439,3,크랙발생,0.857,0.143,0.0,0.0,0.857,3,크랙발생,Y
20200325_676,20200325,676,675,2.49,14.73,2.481,71.0,0.16843,2594.7,drift_segment,20200325_S02,,2,용접부족,0.97,0.03,0.0,0.97,0.0,2,용접부족,Y
20200325_685,20200325,685,684,9.01,14.83,2.464,71.0,0.16615,2594.42,drift_segment,20200325_S02,,2,용접부족,0.84,0.16,0.0,0.84,0.0,2,용접부족,Y
20200325_840,20200325,840,839,9.14,14.72,2.747,72.0,0.18662,2911.38,drift_segment,20200325_S02,,1,파임불량,0.735,0.265,0.733,0.002,0.0,1,파임불량,Y
20200325_841,20200325,841,840,9.27,14.72,2.747,72.0,0.18662,2911.38,drift_segment,20200325_S02,,1,파임불량,0.968,0.032,0.968,0.0,0.0,1,파임불량,Y
20200325_866,20200325,866,865,8.92,14.75,2.751,72.0,0.18651,2921.56,drift_segment,20200325_S02,,1,파임불량,0.954,0.046,0.954,0.0,0.0,1,파임불량,Y
20200326_126,20200326,126,125,2.38,14.52,2.707,73.0,0.18643,2869.31,day_relative,,0.9388,1,파임불량,0.855,0.145,0.854,0.0,0.002,1,파임불량,Y
20200326_200,20200326,200,199,2.37,14.56,2.7,70.0,0.18544,2751.84,day_relative,,0.9323,2,용접부족,0.83,0.17,0.0,0.83,0.0,2,용접부족,Y
20200326_205,20200326,205,204,2.39,14.56,2.712,73.0,0.18626,2882.53,day_relative,,0.9206,1,파임불량,0.997,0.003,0.646,0.0,0.351,1,파임불량,Y
20200326_280,20200326,280,279,2.35,14.53,2.712,71.0,0.18665,2797.78,day_relative,,0.9545,3,크랙발생,0.804,0.196,0.0,0.0,0.804,3,정상,Y
20200326_525,20200326,525,524,2.38,14.52,2.707,73.0,0.18643,2869.31,day_relative,,0.9388,1,파임불량,0.855,0.145,0.854,0.0,0.002,1,파임불량,Y
20200326_599,20200326,599,598,2.37,14.56,2.7,70.0,0.18544,2751.84,day_relative,,0.9323,2,용접부족,0.83,0.17,0.0,0.83,0.0,2,용접부족,Y
20200326_604,20200326,604,603,2.39,14.56,2.712,73.0,0.18626,2882.53,day_relative,,0.9206,1,파임불량,0.997,0.003,0.646,0.0,0.351,1,크랙발생,Y
20200326_679,20200326,679,678,2.35,14.53,2.712,71.0,0.18665,2797.78,day_relative,,0.9545,3,크랙발생,0.804,0.196,0.0,0.0,0.804,3,정상,Y
20200327_1015,20200327,1015,1013,1.74,14.71,2.702,72.0,0.18368,2861.74,point_anomaly,,0.9439,3,크랙발생,0.857,0.143,0.0,0.0,0.857,3,,N (예측만)
20200327_1140,20200327,1140,1138,2.49,14.73,2.481,71.0,0.16843,2594.7,drift_segment,20200327_S03,,2,용접부족,0.97,0.03,0.0,0.97,0.0,2,,N (예측만)
20200327_1149,20200327,1149,1147,9.01,14.83,2.464,71.0,0.16615,2594.42,drift_segment,20200327_S03,,2,용접부족,0.84,0.16,0.0,0.84,0.0,2,,N (예측만)
20200327_1304,20200327,1304,1302,9.14,14.72,2.747,72.0,0.18662,2911.38,drift_segment,20200327_S03,,1,파임불량,0.735,0.265,0.733,0.002,0.0,1,,N (예측만)
20200327_1305,20200327,1305,1303,9.27,14.72,2.747,72.0,0.18662,2911.38,drift_segment,20200327_S03,,1,파임불량,0.968,0.032,0.968,0.0,0.0,1,,N (예측만)
20200327_1330,20200327,1330,1328,8.92,14.75,2.751,72.0,0.18651,2921.56,drift_segment,20200327_S03,,1,파임불량,0.954,0.046,0.954,0.0,0.0,1,,N (예측만)
20200330_290,20200330,290,289,2.38,14.52,2.707,73.0,0.18643,2869.31,day_relative,,0.9388,1,파임불량,0.855,0.145,0.854,0.0,0.002,1,정상,Y
20200330_328,20200330,328,327,2.37,14.59,2.7,70.0,0.18506,2757.51,day_relative,,0.9127,2,용접부족,0.863,0.137,0.0,0.863,0.0,2,용접부족,Y
20200330_364,20200330,364,363,2.37,14.56,2.7,70.0,0.18544,2751.84,day_relative,,0.9323,2,용접부족,0.83,0.17,0.0,0.83,0.0,2,정상,Y
20200330_369,20200330,369,368,2.39,14.56,2.712,73.0,0.18626,2882.53,day_relative,,0.9206,1,파임불량,0.997,0.003,0.646,0.0,0.351,1,파임불량,Y
20200330_444,20200330,444,443,2.35,14.53,2.712,71.0,0.18665,2797.78,day_relative,,0.9545,3,크랙발생,0.804,0.196,0.0,0.0,0.804,3,정상,Y
20200330_689,20200330,689,688,2.38,14.52,2.707,73.0,0.18643,2869.31,day_relative,,0.9388,1,파임불량,0.855,0.145,0.854,0.0,0.002,1,정상,Y
20200330_727,20200330,727,726,2.37,14.59,2.7,70.0,0.18506,2757.51,day_relative,,0.9127,2,용접부족,0.863,0.137,0.0,0.863,0.0,2,용접부족,Y
20200330_763,20200330,763,762,2.37,14.56,2.7,70.0,0.18544,2751.84,day_relative,,0.9323,2,용접부족,0.83,0.17,0.0,0.83,0.0,2,정상,Y
20200330_768,20200330,768,767,2.39,14.56,2.712,73.0,0.18626,2882.53,day_relative,,0.9206,1,파임불량,0.997,0.003,0.646,0.0,0.351,1,크랙발생,Y
20200330_843,20200330,843,842,2.35,14.53,2.712,71.0,0.18665,2797.78,day_relative,,0.9545,3,크랙발생,0.804,0.196,0.0,0.0,0.804,3,정상,Y
20200331_1005,20200331,1005,1004,1.74,14.71,2.702,72.0,0.18368,2861.74,point_anomaly,,0.9439,3,크랙발생,0.857,0.143,0.0,0.0,0.857,3,정상,Y
20200331_1130,20200331,1130,1129,2.49,14.73,2.481,71.0,0.16843,2594.7,drift_segment,20200331_S04,,2,용접부족,0.97,0.03,0.0,0.97,0.0,2,용접부족,Y
20200331_1139,20200331,1139,1138,9.01,14.83,2.464,71.0,0.16615,2594.42,drift_segment,20200331_S04,,2,용접부족,0.84,0.16,0.0,0.84,0.0,2,용접부족,Y
20200331_1294,20200331,1294,1293,9.14,14.72,2.747,72.0,0.18662,2911.38,drift_segment,20200331_S04,,1,파임불량,0.735,0.265,0.733,0.002,0.0,1,정상,Y
20200331_1295,20200331,1295,1294,9.27,14.72,2.747,72.0,0.18662,2911.38,drift_segment,20200331_S04,,1,파임불량,0.968,0.032,0.968,0.0,0.0,1,파임불량,Y
20200331_1320,20200331,1320,1319,8.92,14.75,2.751,72.0,0.18651,2921.56,drift_segment,20200331_S04,,1,파임불량,0.954,0.046,0.954,0.0,0.0,1,파임불량,Y
20200402_130,20200402,130,129,2.38,14.52,2.707,73.0,0.18643,2869.31,day_relative,,0.9388,1,파임불량,0.855,0.145,0.854,0.0,0.002,1,정상,Y
20200402_168,20200402,168,167,2.37,14.59,2.7,70.0,0.18506,2757.51,day_relative,,0.9127,2,용접부족,0.863,0.137,0.0,0.863,0.0,2,정상,Y
20200402_204,20200402,204,203,2.37,14.56,2.7,70.0,0.18544,2751.84,day_relative,,0.9323,2,용접부족,0.83,0.17,0.0,0.83,0.0,2,정상,Y
20200402_209,20200402,209,208,2.39,14.56,2.712,73.0,0.18626,2882.53,day_relative,,0.9206,1,파임불량,0.997,0.003,0.646,0.0,0.351,1,파임불량,Y
20200402_284,20200402,284,283,2.35,14.53,2.712,71.0,0.18665,2797.78,day_relative,,0.9545,3,크랙발생,0.804,0.196,0.0,0.0,0.804,3,정상,Y
20200402_495,20200402,495,494,2.38,14.52,2.707,73.0,0.18643,2869.31,day_relative,,0.9388,1,파임불량,0.855,0.145,0.854,0.0,0.002,1,정상,Y
20200402_533,20200402,533,532,2.37,14.59,2.7,70.0,0.18506,2757.51,day_relative,,0.9127,2,용접부족,0.863,0.137,0.0,0.863,0.0,2,정상,Y
20200402_569,20200402,569,568,2.37,14.56,2.7,70.0,0.18544,2751.84,day_relative,,0.9323,2,용접부족,0.83,0.17,0.0,0.83,0.0,2,정상,Y
20200402_574,20200402,574,573,2.39,14.56,2.712,73.0,0.18626,2882.53,day_relative,,0.9206,1,파임불량,0.997,0.003,0.646,0.0,0.351,1,정상,Y
20200402_649,20200402,649,648,2.35,14.53,2.712,71.0,0.18665,2797.78,day_relative,,0.9545,3,크랙발생,0.804,0.196,0.0,0.0,0.804,3,정상,Y
20200402_1353,20200402,1353,1352,2.34,14.74,2.714,73.0,0.18412,2920.32,day_relative,,0.9261,3,크랙발생,0.9,0.1,0.418,0.0,0.483,3,크랙발생,Y
20200402_1941,20200402,1941,1940,2.31,14.71,2.715,73.0,0.18457,2915.45,day_relative,,0.9433,3,크랙발생,0.77,0.23,0.064,0.0,0.706,3,크랙발생,Y
20200403_281,20200403,281,280,1.74,14.71,2.702,72.0,0.18368,2861.74,point_anomaly,,0.9439,3,크랙발생,0.857,0.143,0.0,0.0,0.857,3,크랙발생,Y
20200403_406,20200403,406,405,2.49,14.73,2.481,71.0,0.16843,2594.7,drift_segment,20200403_S05,,2,용접부족,0.97,0.03,0.0,0.97,0.0,2,용접부족,Y
20200403_415,20200403,415,414,9.01,14.83,2.464,71.0,0.16615,2594.42,drift_segment,20200403_S05,,2,용접부족,0.84,0.16,0.0,0.84,0.0,2,정상,Y
20200403_570,20200403,570,569,9.14,14.72,2.747,72.0,0.18662,2911.38,drift_segment,20200403_S05,,1,파임불량,0.735,0.265,0.733,0.002,0.0,1,정상,Y
20200403_571,20200403,571,570,9.27,14.72,2.747,72.0,0.18662,2911.38,drift_segment,20200403_S05,,1,파임불량,0.968,0.032,0.968,0.0,0.0,1,파임불량,Y
20200403_596,20200403,596,595,8.92,14.75,2.751,72.0,0.18651,2921.56,drift_segment,20200403_S05,,1,파임불량,0.954,0.046,0.954,0.0,0.0,1,파임불량,Y
20200407_76,20200407,76,75,2.35,14.53,2.712,71.0,0.18665,2797.78,day_relative,,0.9545,3,크랙발생,0.804,0.196,0.0,0.0,0.804,3,크랙발생,Y
20200407_286,20200407,286,285,2.35,14.53,2.712,71.0,0.18665,2797.78,day_relative,,0.9545,3,크랙발생,0.804,0.196,0.0,0.0,0.804,3,크랙발생,Y
20200407_366,20200407,366,365,2.35,14.53,2.712,71.0,0.18665,2797.78,day_relative,,0.9545,3,크랙발생,0.804,0.196,0.0,0.0,0.804,3,정상,Y
20200407_510,20200407,510,509,2.35,14.53,2.712,71.0,0.18665,2797.78,day_relative,,0.9545,3,크랙발생,0.804,0.196,0.0,0.0,0.804,3,정상,Y
20200407_590,20200407,590,589,2.35,14.53,2.712,71.0,0.18665,2797.78,day_relative,,0.9545,3,크랙발생,0.804,0.196,0.0,0.0,0.804,3,정상,Y
